https://www.utahhumane.org/node/19286,https://petharbor.com/get_image.asp?RES=Detail&ID=A109864&LOCATION=UTAH,A109864,Female,Angora,BLK SMOKE,3 YEARS,BB10,AVAILABLE,null,VIOLET,10154319532907816,,,,,,,
https://www.utahhumane.org/node/19593,https://petharbor.com/get_image.asp?RES=Detail&ID=A110148&LOCATION=UTAH,A110148,Female,Domestic Shorthair,BRN TABBY,8 YEARS,CA05,AVAILABLE,"""Couch Cat"" is the name & relaxing is my game! When I'm not soaking up the sun or enjoying a snack, you'll find me cuddled up on the couch. I'll be happiest just relaxing with you & getting some love in between nap sessions!",MURTLE,10154319532907816,,,,,,,
https://www.utahhumane.org/node/18426,https://petharbor.com/get_image.asp?RES=Detail&ID=A108986&LOCATION=UTAH,A108986,Female,Domestic Shorthair,Gray,8 YEARS,CA17,AVAILABLE,"The saying goes ""those who have a cat have no need for sculpture."" I'm a confident cat who wants to be the ruler of your kingdom. I love to be loved, but on my terms. As a ""Holier Than Meow"", my favorite past time is simply being visually admired.",ADDIE,10154319532907816,,,,,,,
https://www.utahhumane.org/node/18284,https://petharbor.com/get_image.asp?RES=Detail&ID=A108576&LOCATION=UTAH,A108576,Female,Pit Bull Terrier,Black,4 YEARS,DU14,AVAILABLE,If you don‰Ûªt mind a little drool slung here & there I might be the gal for you! I‰Ûªd do best with adopters that will make sure I‰Ûªm given toys & food separate from K9 pals my same size & give me a consistent daily routine! Please contact the Foster Department to learn more about me and schedule a meet and greet 801-261-2919 x215.,DAJA,10154319532907816,,,,,,,
https://www.utahhumane.org/node/17969,https://petharbor.com/get_image.asp?RES=Detail&ID=A108770&LOCATION=UTAH,A108770,Male,Domestic Shorthair,Black,12 YEARS,CA09,AVAILABLE,"From the shadows of the night a ""Mystery Meow"" will emerge to steal your heart! Most of us came here with no history, but some of us are just timid & our personalities have yet to shine. Give me a chance & I'll show you just how amazing I can be!",MILO,10154319532907816,,,,,,,
https://www.utahhumane.org/node/19474,https://petharbor.com/get_image.asp?RES=Detail&ID=A109870&LOCATION=UTAH,A109870,Female,Longhaired Rabbit,Cream,6 YEARS,BB11,AVAILABLE,null,TEVEL,10154319532907816,,,,,,,
https://www.utahhumane.org/node/19361,https://petharbor.com/get_image.asp?RES=Detail&ID=A109505&LOCATION=UTAH,A109505,Male,Domestic Longhair,Black,3 YEARS,CA11,AVAILABLE,"Never fear! ""Frisky Feline"" is here! Leaping from the highest heights, pouncing from rooftops & saving my humans from the evil red dot! Being a hero is hard work, but someone has to do it! I need plenty of play time to be the best friend I can be!",RUSTY,10154319532907816,,,,,,,
https://www.utahhumane.org/node/17927,https://petharbor.com/get_image.asp?RES=Detail&ID=A108348&LOCATION=UTAH,A108348,Male,Domestic Shorthair,White,11 YEARS,CC09,AVAILABLE,"""Couch Cat"" is the name & relaxing is my game! When I'm not soaking up the sun or enjoying a snack, you'll find me cuddled up on the couch. I'll be happiest just relaxing with you & getting some love in between nap sessions!",SIMON,10154319532907816,,,,,,,
https://www.utahhumane.org/node/18977,https://petharbor.com/get_image.asp?RES=Detail&ID=A109735&LOCATION=UTAH,A109735,Female,Birman,CHOC PT,3 YEARS,CA03,AVAILABLE,"From the shadows of the night a ""Mystery Meow"" will emerge to steal your heart! Most of us came here with no history, but some of us are just timid & our personalities have yet to shine. Give me a chance & I'll show you just how amazing I can be!",CHLOEY,10154319532907816,,,,,,,
https://www.utahhumane.org/node/19192,https://petharbor.com/get_image.asp?RES=Detail&ID=A109599&LOCATION=UTAH,A109599,Male,Chihuahua - Smooth Coated,Tan,1 YEAR,SD3,AVAILABLE,"A handsome hunk on the lookout for my perfect match! I was originally a transfer here at HSU; my previous home described me as hyper, affectionate, & friendly! I have been through a lot of changes lately so my forever home will need to have some patience & help guide me to ensure my success!",PLUTO,10154319532907816,,,,,,,
https://www.utahhumane.org/node/19086,https://petharbor.com/get_image.asp?RES=Detail&ID=A109844&LOCATION=UTAH,A109844,Male,Domestic Longhair,BRN TABBY,9 YEARS,CA07,AVAILABLE,"""Couch Cat"" is the name & relaxing is my game! When I'm not soaking up the sun or enjoying a snack, you'll find me cuddled up on the couch. I'll be happiest just relaxing with you & getting some love in between nap sessions!",CHARLIE,10154319532907816,,,,,,,
https://www.utahhumane.org/node/19088,https://petharbor.com/get_image.asp?RES=Detail&ID=A109614&LOCATION=UTAH,A109614,Male,Pit Bull Terrier,Gray,2 YEARS,DU12,AVAILABLE,"I am a transfer from another shelter & am ready to start my new life! Although my history is a mystery, I like the people & other dogs I have met here at HSU. It is unknown if I have been around cats or children before. I may or may not be fully house trained‰Û_some of us transfer animals have lived our entire lives in a loving home environment, while others have never lived indoors or been part of a family. I can tell you that we are all very eager to learn!I may need some guidance & a healthy dose of patience while I'm learning the ropes. A regular daily routine, positive reinforcement, crate training & exercise will help me learn to be the very best canine companion I can be! If you do decide to take me home, the behavior staff at HSU is here to help me succeed, so feel free to contact them if you need help!If you think we're a match, please bring your family (including other dogs) to The Humane Society of Utah to meet me today!My temporary home is:THE HUMANE SOCIETY OF UTAH4242 SOUTH 300 WEST MURRAY, UTAH 84107 (801) 261-2919 x227WWW.UTAHHUMANE.ORG",NEPTUNE,10154319532907816,,,,,,,
https://www.utahhumane.org/node/17851,https://petharbor.com/get_image.asp?RES=Detail&ID=A106583&LOCATION=UTAH,A106583,Male,Domestic Shorthair,GRAY TABBY,2 YEARS,CA04,AVAILABLE,"Never fear! ""Frisky Feline"" is here! Leaping from the highest heights, pouncing from rooftops & saving my humans from the evil red dot! Being a hero is hard work, but someone has to do it! I need plenty of play time to be the best friend I can be!",ATTICUS,10154319532907816,,,,,,,
https://www.utahhumane.org/node/17883,https://petharbor.com/get_image.asp?RES=Detail&ID=A107661&LOCATION=UTAH,A107661,Female,Domestic Shorthair,Black,5 YEARS,CC05,AVAILABLE,"The saying goes ""those who have a cat have no need for sculpture."" I'm a confident cat who wants to be the ruler of your kingdom. I love to be loved, but on my terms. As a ""Holier Than Meow"", my favorite past time is simply being visually admired.",BOO BOO,10154319532907816,,,,,,,
https://www.utahhumane.org/node/19556,https://petharbor.com/get_image.asp?RES=Detail&ID=A109925&LOCATION=UTAH,A109925,Female,Shorthaired Rabbit,White,5 MONTHS,BB16,AVAILABLE,null,CHERISH,10154319532907816,,,,,,,
https://www.utahhumane.org/node/19425,https://petharbor.com/get_image.asp?RES=Detail&ID=A110050&LOCATION=UTAH,A110050,Male,Siamese,LYNX PT,2 YEARS,CA10,AVAILABLE,"Never fear! ""Frisky Feline"" is here! Leaping from the highest heights, pouncing from rooftops & saving my humans from the evil red dot! Being a hero is hard work, but someone has to do it! I need plenty of play time to be the best friend I can be!",COUGAR,10154319532907816,,,,,,,
https://www.utahhumane.org/node/18953,https://petharbor.com/get_image.asp?RES=Detail&ID=A109725&LOCATION=UTAH,A109725,Female,Shorthaired Rabbit,White,5 YEARS,BB5,AVAILABLE,"With ears like these I can't help but over hear everyone say how adorable I am! Besides my adorably good looks I've got a soul that's sure to melt your heart. Come to the Humane society today to verify my real, true, loving bunny heart & soul today!",WINIFRED,10154319532907816,,,,,,,
https://www.utahhumane.org/node/18530,https://petharbor.com/get_image.asp?RES=Detail&ID=A109581&LOCATION=UTAH,A109581,Male,Anatolian Shepherd,Black,13 WEEKS,FOSTER,AVAILABLE,"I am a transfer from another shelter & am ready to start my new life! Although my history is a mystery, I like the people & other dogs I have met here at HSU. It is unknown if I have been around cats or children before. I may or may not be fully house trained‰Û_some of us transfer animals have lived our entire lives in a loving home environment, while others have never lived indoors or been part of a family. I can tell you that we are all very eager to learn!I may need some guidance & a healthy dose of patience while I'm learning the ropes. A regular daily routine, positive reinforcement, crate training & exercise will help me learn to be the very best canine companion I can be! If you do decide to take me home, the behavior staff at HSU is here to help me succeed, so feel free to contact them if you need help!If you think we're a match, please bring your family (including other dogs) to The Humane Society of Utah to meet me today!My temporary home is:THE HUMANE SOCIETY OF UTAH4242 SOUTH 300 WEST MURRAY, UTAH 84107 (801) 261-2919 x227WWW.UTAHHUMANE.ORG",ANGUS,10154319532907816,,,,,,,
https://www.utahhumane.org/node/19583,https://petharbor.com/get_image.asp?RES=Detail&ID=A077450&LOCATION=UTAH,A077450,Female,Domestic Shorthair,BRN TABBY,6 YEARS,CA09,AVAILABLE,"""Couch Cat"" is the name & relaxing is my game! When I'm not soaking up the sun or enjoying a snack, you'll find me cuddled up on the couch. I'll be happiest just relaxing with you & getting some love in between nap sessions!",ALICE,10154319532907816,,,,,,,
https://www.utahhumane.org/node/19199,https://petharbor.com/get_image.asp?RES=Detail&ID=A099930&LOCATION=UTAH,A099930,Female,Domestic Mediumhair,TORTIE,3 YEARS,CA07,AVAILABLE,"The saying goes ""those who have a cat have no need for sculpture."" I'm a confident cat who wants to be the ruler of your kingdom. I love to be loved, but on my terms. As a ""Holier Than Meow"", my favorite past time is simply being visually admired.",SPICE,10154319532907816,,,,,,,
https://www.utahhumane.org/node/17987,https://petharbor.com/get_image.asp?RES=Detail&ID=A108903&LOCATION=UTAH,A108903,Male,Domestic Shorthair,Blue,2 YEARS,CA03,AVAILABLE,"Never fear! ""Frisky Feline"" is here! Leaping from the highest heights, pouncing from rooftops & saving my humans from the evil red dot! Being a hero is hard work, but someone has to do it! I need plenty of play time to be the best friend I can be!",BUNNY,10154319532907816,,,,,,,
https://www.utahhumane.org/node/19132,https://petharbor.com/get_image.asp?RES=Detail&ID=A109884&LOCATION=UTAH,A109884,Female,Domestic Shorthair,BRN TABBY,4 YEARS,CA19,AVAILABLE,"I'll be forever yours & you'll be forever mine; I'm the ""Faithful Feline""! I'll be your shadow & your very best friend. I'll frolic at your feet & we can take naps in the sunshine. As your resident Velcro cat, I'm happiest just being by your side.",GINGER,10154319532907816,,,,,,,
https://www.utahhumane.org/node/18946,https://petharbor.com/get_image.asp?RES=Detail&ID=A108855&LOCATION=UTAH,A108855,Male,Domestic Longhair,ORG TABBY,3 YEARS,CA12,AVAILABLE,"From the shadows of the night a ""Mystery Meow"" will emerge to steal your heart! Most of us came here with no history, but some of us are just timid & our personalities have yet to shine. Give me a chance & I'll show you just how amazing I can be!",SPIKE,10154319532907816,,,,,,,
https://www.utahhumane.org/node/18626,https://petharbor.com/get_image.asp?RES=Detail&ID=A109369&LOCATION=UTAH,A109369,Female,Shorthaired Rabbit,Orange,1 YEAR 2 MONTHS,PM WVALLEY,AVAILABLE,"Best friends come in all shapes & size, my sister & I luckily are even cuter together than we are a part! We're on the search for a home that will keep us together & happy! Please ask staff for more details about housing two rabbits together!",PRIM,10154319532907816,,,,,,,
https://www.utahhumane.org/node/19477,https://petharbor.com/get_image.asp?RES=Detail&ID=A110044&LOCATION=UTAH,A110044,Female,Rottweiler,TRI,11 MONTHS,DM31,AVAILABLE,"True to my breed, I have a strong desire to please! I‰Ûªm amusing, loyal & charming with an ever-wagging tail. Don‰Ûªt let my age fool you I‰Ûªve already learned some basic commands & am house broken! I‰Ûªm definitely a pick of the litter! Consider meeting me today!",REY,10154319532907816,,,,,,,
https://www.utahhumane.org/node/18832,https://petharbor.com/get_image.asp?RES=Detail&ID=A109724&LOCATION=UTAH,A109724,Male,Shorthaired Rabbit,White,5 YEARS,BB15,AVAILABLE,"With ears like these I can‰Ûªt help but over hear everyone say how adorable I am! Besides my adorably good looks I‰Ûªve got a soul that‰Ûªs sure to melt your heart. Come to the Humane society today to verify my real, true, loving bunny heart & soul today!",BLANCO,10154319532907816,,,,,,,
https://www.utahhumane.org/node/18781,https://petharbor.com/get_image.asp?RES=Detail&ID=A109716&LOCATION=UTAH,A109716,Male,Domestic Shorthair,BRN TABBY,4 YEARS,CA02,AVAILABLE,"The saying goes ""those who have a cat have no need for sculpture."" I'm a confident cat who wants to be the ruler of your kingdom. I love to be loved, but on my terms. As a ""Holier Than Meow"", my favorite past time is simply being visually admired.",BILLY BOB,10154319532907816,,,,,,,
https://www.utahhumane.org/node/17820,https://petharbor.com/get_image.asp?RES=Detail&ID=A101839&LOCATION=UTAH,A101839,Female,Domestic Shorthair,Black,3 YEARS,CA19,AVAILABLE,"The saying goes ""those who have a cat have no need for sculpture."" I'm a confident cat who wants to be the ruler of your kingdom. I love to be loved, but on my terms. As a ""Holier Than Meow"", my favorite past time is simply being visually admired.",EDDIE,10154319532907816,,,,,,,
https://www.utahhumane.org/node/18001,https://petharbor.com/get_image.asp?RES=Detail&ID=A109017&LOCATION=UTAH,A109017,Female,Domestic Shorthair,TORTIE,12 YEARS,CC02,AVAILABLE,"The saying goes ""those who have a cat have no need for sculpture."" I'm a confident cat who wants to be the ruler of your kingdom. I love to be loved, but on my terms. As a ""Holier Than Meow"", my favorite past time is simply being visually admired.",SEMORE,10154319532907816,,,,,,,
https://www.utahhumane.org/node/18951,https://petharbor.com/get_image.asp?RES=Detail&ID=A109185&LOCATION=UTAH,A109185,Male,Domestic Shorthair,CRM TABBY,8 YEARS,CA03,AVAILABLE,"The saying goes ""those who have a cat have no need for sculpture."" I'm a confident cat who wants to be the ruler of your kingdom. I love to be loved, but on my terms. As a ""Holier Than Meow"", my favorite past time is simply being visually admired.",TIGER,10154319532907816,,,,,,,
https://www.utahhumane.org/node/17829,https://petharbor.com/get_image.asp?RES=Detail&ID=A103202&LOCATION=UTAH,A103202,Female,Chihuahua - Smooth Coated,White,4 YEARS,FOSTER,AVAILABLE,"I am a transfer from another shelter & am ready to start my new life! Although my history is a mystery, I like the people & other dogs I have met here at HSU. It is unknown if I have been around cats or children before. I may or may not be fully house trained‰Û_some of us transfer animals have lived our entire lives in a loving home environment, while others have never lived indoors or been part of a family. I can tell you that we are all very eager to learn!I may need some guidance & a healthy dose of patience while I'm learning the ropes. A regular daily routine, positive reinforcement, crate training & exercise will help me learn to be the very best canine companion I can be! If you do decide to take me home, the behavior staff at HSU is here to help me succeed, so feel free to contact them if you need help!If you think we're a match, please bring your family (including other dogs) to The Humane Society of Utah to meet me today!My temporary home is:THE HUMANE SOCIETY OF UTAH4242 SOUTH 300 WEST MURRAY, UTAH 84107 (801) 261-2919 x227WWW.UTAHHUMANE.ORG",SUZIE Q,10154319532907816,,,,,,,
https://www.utahhumane.org/node/19313,https://petharbor.com/get_image.asp?RES=Detail&ID=A109996&LOCATION=UTAH,A109996,Male,Domestic Shorthair,Black,7 YEARS,CA19,AVAILABLE,"""Couch Cat"" is the name & relaxing is my game! When I'm not soaking up the sun or enjoying a snack, you'll find me cuddled up on the couch. I'll be happiest just relaxing with you & getting some love in between nap sessions!",MOOSE,10154319532907816,,,,,,,
https://www.utahhumane.org/node/19128,https://petharbor.com/get_image.asp?RES=Detail&ID=A109778&LOCATION=UTAH,A109778,Male,Domestic Longhair,ORG TABBY,5 YEARS,CA05,AVAILABLE,"From the shadows of the night a ""Mystery Meow"" will emerge to steal your heart! Most of us came here with no history, but some of us are just timid & our personalities have yet to shine. Give me a chance & I'll show you just how amazing I can be!",CUDDLES,10154319532907816,,,,,,,
https://www.utahhumane.org/node/18579,https://petharbor.com/get_image.asp?RES=Detail&ID=A106962&LOCATION=UTAH,A106962,Male,Australian Cattle Dog,White,5 YEARS,DU12,AVAILABLE,"The Pets in Progress program is HSU's initiative to successfully place animals who are currently working on some behavioral challenges. Best with experienced pet owners, they require a bit of extra training as they work towards becoming the best companions they can be. At HSU, we know they are well worth the effort!What I have to offer:- I have loads of love to give & am very loyal to those I‰Ûªm bonded to.- I‰Ûªm extremely intelligent & very motivated to learn, especially when there are treats involved!- I‰Ûªm very athletic! I love to run & enjoy playing fetch.What I‰Ûªm working on:- Reactivity in kennel environment: Take me out for a walk & see what a different dog I become! - Resource guarding: I tend to be a bit greedy when it comes to my food, bones & toys.- Social skills with new dogs: I‰Ûªm insecure when meeting new canines & prefer dogs who respect my space.What I‰Ûªm looking for:- A very active household with herding dog experienced owners & no kids under 13 years of age. - A secure yard, with supervision outside.- Canine companions who are similar to my own size & will respect my personal space.- Ample mental stimulation & lots of exercise.- Ongoing positive reinforcement training to help with resource guardingThink this might be the right pet for you? Talk to a staff member today!*Please note that Pets in Progress adoptions are approved by HSU‰Ûªs Behavior Department.*",KAPONE,10154319532907816,,,,,,,
https://www.utahhumane.org/node/19469,https://petharbor.com/get_image.asp?RES=Detail&ID=A049416&LOCATION=UTAH,A049416,Female,Snowshoe,CALICO PT,5 YEARS,CA12,AVAILABLE,"""Couch Cat"" is the name & relaxing is my game! When I'm not soaking up the sun or enjoying a snack, you'll find me cuddled up on the couch. I'll be happiest just relaxing with you & getting some love in between nap sessions!",SASCHA,10154319532907816,,,,,,,
https://www.utahhumane.org/node/19492,https://petharbor.com/get_image.asp?RES=Detail&ID=A110111&LOCATION=UTAH,A110111,Male,Domestic Shorthair,Black,2 YEARS,CA05,AVAILABLE,"Never fear! ""Frisky Feline"" is here! Leaping from the highest heights, pouncing from rooftops & saving my humans from the evil red dot! Being a hero is hard work, but someone has to do it! I need plenty of play time to be the best friend I can be!",MUSTACHIO,10154319532907816,,,,,,,
https://www.utahhumane.org/node/19345,https://petharbor.com/get_image.asp?RES=Detail&ID=A109329&LOCATION=UTAH,A109329,Female,Border Collie,Black,4 YEARS,DU14,AVAILABLE,"The Pets in Progress program is HSU's initiative to successfully place animals who are currently working on some behavioral challenges. Best with experienced pet owners, they require a bit of extra training as they work towards becoming the best companions they can be. At HSU, we know they are well worth the effort!What I have to offer:- I have loads of love to give & I‰Ûªm very loyal to those I‰Ûªm bonded to.- I already know cues to sit, lay down & stay.- I'm super intelligent & athletic, once I‰Ûªve had a chance to come out of my shell.What I‰Ûªm working on:- Social skills with new people: I‰Ûªm shy at first when it comes to meeting new people so I‰Ûªll need proper, slow introductions when meeting strangers.- Body Handling Sensitivity: I enjoy physical attention on my own terms. I prefer gentle, soft petting but I‰Ûªm not a fan of being hugged or restrained, especially not by strangers.What I‰Ûªm looking for:- A low traffic home with no kids under 13 years of age. - Active adopters who have herding breed experience.- Well socialized canine companions who can help me come out of my shell & build up my confidence.- Understanding adopters who know it will take time & patience to help me overcome my fear of new people.- Ongoing positive reinforcement training for socialization. Think this might be the right pet for you? Talk to a staff member today!*Please note that Pets in Progress adoptions are approved by HSU‰Ûªs Behavior Department.* (If they are not available, you will need to make an appointment.)",ECHO,10154319532907816,,,,,,,
https://www.utahhumane.org/node/17862,https://petharbor.com/get_image.asp?RES=Detail&ID=A107276&LOCATION=UTAH,A107276,Female,Shorthaired Rabbit,White,9 MONTHS,BB17,AVAILABLE,"With ears like these I can‰Ûªt help but over hear everyone say how adorable I am! Besides my adorably good looks I‰Ûªve got a soul that‰Ûªs sure to melt your heart. Come to the Humane society today to verify my real, true, loving bunny heart & soul today!",GEORGIA,10154319532907816,,,,,,,
https://www.utahhumane.org/node/18485,https://petharbor.com/get_image.asp?RES=Detail&ID=A109046&LOCATION=UTAH,A109046,Female,Siamese,LYNX PT,11 YEARS,CC01,AVAILABLE,"The saying goes ""those who have a cat have no need for sculpture."" I'm a confident cat who wants to be the ruler of your kingdom. I love to be loved, but on my terms. As a ""Holier Than Meow"", my favorite past time is simply being visually admired.",FERGIE,10154319532907816,,,,,,,
https://www.utahhumane.org/node/18827,https://petharbor.com/get_image.asp?RES=Detail&ID=A099613&LOCATION=UTAH,A099613,Male,Domestic Shorthair,BRN TABBY,7 YEARS,CA06,AVAILABLE,"The saying goes ""those who have a cat have no need for sculpture."" I'm a confident cat who wants to be the ruler of your kingdom. I love to be loved, but on my terms. As a ""Holier Than Meow"", my favorite past time is simply being visually admired.",OLIVER,10154319532907816,,,,,,,
https://www.utahhumane.org/node/17972,https://petharbor.com/get_image.asp?RES=Detail&ID=A108797&LOCATION=UTAH,A108797,Female,Shorthaired Rabbit,White,1 YEAR 8 MONTHS,BB6,AVAILABLE,null,MARGUERITE,10154319532907816,,,,,,,
https://www.utahhumane.org/node/18828,https://petharbor.com/get_image.asp?RES=Detail&ID=A107322&LOCATION=UTAH,A107322,Female,Domestic Longhair,BRN TABBY,13 YEARS,CC06,AVAILABLE,"The saying goes ""those who have a cat have no need for sculpture."" I'm a confident cat who wants to be the ruler of your kingdom. I love to be loved, but on my terms. As a ""Holier Than Meow"", my favorite past time is simply being visually admired.",FIONA,10154319532907816,,,,,,,
https://www.utahhumane.org/node/19351,https://petharbor.com/get_image.asp?RES=Detail&ID=A109926&LOCATION=UTAH,A109926,Male,Shorthaired Rabbit,White,1 YEAR 1 MONTH,BB14,AVAILABLE,null,APPOLLO,10154319532907816,,,,,,,
https://www.utahhumane.org/node/19478,https://petharbor.com/get_image.asp?RES=Detail&ID=A110045&LOCATION=UTAH,A110045,Female,Domestic Longhair,Black,7 YEARS,CA11,AVAILABLE,"""Couch Cat"" is the name & relaxing is my game! When I'm not soaking up the sun or enjoying a snack, you'll find me cuddled up on the couch. I'll be happiest just relaxing with you & getting some love in between nap sessions!",CASSIE,10154319532907816,,,,,,,
https://www.utahhumane.org/node/19479,https://petharbor.com/get_image.asp?RES=Detail&ID=A110054&LOCATION=UTAH,A110054,Male,Shorthaired Rabbit,Black,11 MONTHS,BB1,AVAILABLE,null,YODA,10154319532907816,,,,,,,
https://www.utahhumane.org/node/17939,https://petharbor.com/get_image.asp?RES=Detail&ID=A108503&LOCATION=UTAH,A108503,Male,Domestic Shorthair,Black,12 YEARS,CC10,AVAILABLE,"I'll be forever yours & you'll be forever mine; I'm the ""Faithful Feline""! I'll be your shadow & your very best friend. I'll frolic at your feet & we can take naps in the sunshine. As your resident Velcro cat, I'm happiest just being by your side.",NEO,10154319532907816,,,,,,,
https://www.utahhumane.org/node/18489,https://petharbor.com/get_image.asp?RES=Detail&ID=A109520&LOCATION=UTAH,A109520,Male,Domestic Shorthair,Black,6 YEARS,CA08,AVAILABLE,"The saying goes ""those who have a cat have no need for sculpture."" I'm a confident cat who wants to be the ruler of your kingdom. I love to be loved, but on my terms. As a ""Holier Than Meow"", my favorite past time is simply being visually admired.",TOOTHLESS,10154319532907816,,,,,,,
https://www.utahhumane.org/node/17928,https://petharbor.com/get_image.asp?RES=Detail&ID=A108357&LOCATION=UTAH,A108357,Female,Domestic Shorthair,BLUE CREAM,1 YEAR 9 MONTHS,CA01,AVAILABLE,"The saying goes ""those who have a cat have no need for sculpture."" I'm a confident cat who wants to be the ruler of your kingdom. I love to be loved, but on my terms. As a ""Holier Than Meow"", my favorite past time is simply being visually admired.",PUMPKIN,10154319532907816,,,,,,,
https://www.utahhumane.org/node/19591,https://petharbor.com/get_image.asp?RES=Detail&ID=A110145&LOCATION=UTAH,A110145,Female,Domestic Mediumhair,BLK SMOKE,1 YEAR,CA07,AVAILABLE,"Never fear! ""Frisky Feline"" is here! Leaping from the highest heights, pouncing from rooftops & saving my humans from the evil red dot! Being a hero is hard work, but someone has to do it! I need plenty of play time to be the best friend I can be!",SWEETIE,10154319532907816,,,,,,,
https://www.utahhumane.org/node/18006,https://petharbor.com/get_image.asp?RES=Detail&ID=A109029&LOCATION=UTAH,A109029,Female,Domestic Shorthair,BRN TABBY,2 YEARS,CA17,AVAILABLE,"From the shadows of the night a ""Mystery Meow"" will emerge to steal your heart! Most of us came here with no history, but some of us are just timid & our personalities have yet to shine. Give me a chance & I'll show you just how amazing I can be!",SUSIE,10154319532907816,,,,,,,
https://www.utahhumane.org/node/19541,https://petharbor.com/get_image.asp?RES=Detail&ID=A093769&LOCATION=UTAH,A093769,Male,Great Dane,White,2 YEARS,DU15,AVAILABLE,"The Pets in Progress program is HSU's initiative to successfully place animals who are currently working on some behavioral challenges. Best with experienced pet owners, they require a bit of extra training as they work towards becoming the best companions they can be. At HSU, we know they are well worth the effort!What I have to offer:- I have loads of love to give & I‰Ûªm very loyal to those I‰Ûªm bonded to.- I already know cues for sit & stay.- I'm super silly & energetic once I‰Ûªve had a chance to come out of my shell.What I‰Ûªm working on:- Body Handling Sensitivity: I enjoy physical attention on my own terms. I prefer gentle, soft petting but I‰Ûªm not a fan of being hugged or restrained, especially not by strangers.- Social skills with new people: I‰Ûªm shy at first when it comes to new people so I‰Ûªll need proper, slow introductions when meeting strangers.- Social skills with new dogs: I‰Ûªm insecure when meeting new canines & prefer dogs who respect my space.What I‰Ûªm looking for:- A low traffic home with experienced dog owners & no kids under 13 years of age. - Well socialized canine companions similar in size to help me come out of my shell & build confidence.- Understanding adopters who know it will take time & patience to help me overcome my fear of new people.- Ample mental stimulation & exercise are going to be a daily necessity for me once I come out of my shell.- Ongoing positive reinforcement training for socialization & handling sensitivity. Think this might be the right pet for you? Talk to a staff member today!*Please note that Pets in Progress adoptions are approved by HSU‰Ûªs Behavior Department.*",PONCHO,10154319532907816,,,,,,,
https://www.utahhumane.org/node/19365,https://petharbor.com/get_image.asp?RES=Detail&ID=A109879&LOCATION=UTAH,A109879,Female,Shorthaired Rabbit,White,2 YEARS,BB13,AVAILABLE,null,ATHENA,10154319532907816,,,,,,,
https://www.utahhumane.org/node/19116,https://petharbor.com/get_image.asp?RES=Detail&ID=A109616&LOCATION=UTAH,A109616,Male,Doberman Pinscher,Chocolate,1 YEAR 1 MONTH,DA7,AVAILABLE,"I am a transfer from another shelter & am ready to start my new life! Although my history is a mystery, I like the people & other dogs I have met here at HSU. It is unknown if I have been around cats or children before. I may or may not be fully house trained‰Û_some of us transfer animals have lived our entire lives in a loving home environment, while others have never lived indoors or been part of a family. I can tell you that we are all very eager to learn!I may need some guidance & a healthy dose of patience while I'm learning the ropes. A regular daily routine, positive reinforcement, crate training & exercise will help me learn to be the very best canine companion I can be! If you do decide to take me home, the behavior staff at HSU is here to help me succeed, so feel free to contact them if you need help!If you think we're a match, please bring your family (including other dogs) to The Humane Society of Utah to meet me today!My temporary home is:THE HUMANE SOCIETY OF UTAH4242 SOUTH 300 WEST MURRAY, UTAH 84107 (801) 261-2919 x227WWW.UTAHHUMANE.ORG",JUPITER,10154319532907816,,,,,,,
https://www.utahhumane.org/node/19048,https://petharbor.com/get_image.asp?RES=Detail&ID=A109011&LOCATION=UTAH,A109011,Female,Boxer,TRI,10 YEARS,FOSTER,AVAILABLE,"They say I‰Ûªm the clown of the canines, what can I say I thrive having human companionship & adore making my people laugh! I may be getting a little gray around the muzzle but it's nothing Cuddles can't fix. It's what I'm best at!",SCHATZI,10154319532907816,,,,,,,
https://www.utahhumane.org/node/17834,https://petharbor.com/get_image.asp?RES=Detail&ID=A104158&LOCATION=UTAH,A104158,Male,Domestic Shorthair,Gray,8 YEARS,CA18,AVAILABLE,"""Couch Cat"" is the name & relaxing is my game! When I'm not soaking up the sun or enjoying a snack, you'll find me cuddled up on the couch. I'll be happiest just relaxing with you & getting some love in between nap sessions!",JERRY,10154319532907816,,,,,,,
https://www.utahhumane.org/node/18312,https://petharbor.com/get_image.asp?RES=Detail&ID=A109439&LOCATION=UTAH,A109439,Male,Himalayan,BLUE PT,4 YEARS,CA12,AVAILABLE,"The saying goes ""those who have a cat have no need for sculpture."" I'm a confident cat who wants to be the ruler of your kingdom. I love to be loved, but on my terms. As a ""Holier Than Meow"", my favorite past time is simply being visually admired.",GABRIEL,10154319532907816,,,,,,,
https://www.utahhumane.org/node/17813,https://petharbor.com/get_image.asp?RES=Detail&ID=A094709&LOCATION=UTAH,A094709,Male,Domestic Shorthair,ORG TABBY,8 YEARS,CA08,AVAILABLE,"Never fear! ""Frisky Feline"" is here! Leaping from the highest heights, pouncing from rooftops & saving my humans from the evil red dot! Being a hero is hard work, but someone has to do it! I need plenty of play time to be the best friend I can be!",STEVE,10154319532907816,,,,,,,
https://www.utahhumane.org/node/19582,https://petharbor.com/get_image.asp?RES=Detail&ID=A048297&LOCATION=UTAH,A048297,Female,Shetland Sheepdog,Brown,7 YEARS,DM30,AVAILABLE,null,WHITLEY,10154319532907816,,,,,,,
https://www.utahhumane.org/node/19282,https://petharbor.com/get_image.asp?RES=Detail&ID=A093759&LOCATION=UTAH,A093759,Female,Domestic Mediumhair,GRAY TABBY,2 YEARS,CA16,AVAILABLE,"Not to toot my own horn, but I'm a ""Fancy Foster""! I needed some extra TLC when I arrived, so I went to foster care. The foster department knows the most about me & would love to tell you everything. Please ask the staff to ""fetch"" them for you!",STORMY,10154319532907816,,,,,,,
https://www.utahhumane.org/node/19494,https://petharbor.com/get_image.asp?RES=Detail&ID=A110118&LOCATION=UTAH,A110118,Female,Pit Bull Terrier,BL BRINDLE,4 YEARS,DA4,AVAILABLE,"Need a shoulder to cry on? Look no further I‰Ûªm a wise & genuine gal tried & true! A cuddler & a kisser, I‰Ûªm the girl for you! I‰Ûªd love nothing more than a home that will let me come inside & be part of the family, so I can relax for the rest of my days! Ask staff about crate training tips.",LILLY,10154319532907816,,,,,,,
https://www.utahhumane.org/node/19561,https://petharbor.com/get_image.asp?RES=Detail&ID=A110083&LOCATION=UTAH,A110083,Male,Pit Bull Terrier,Red,14 WEEKS,SD5,AVAILABLE,"IF MY FACE DOESN'T MAKE YOUR HEART MELT I DON'T KNOW WHAT WILL! I'M ON THE SEARCH FOR ADOPTERS THAT CAN TEACH ME THE ROPES TO BEING A GREAT K9 COMPANION! I'M GOING TO REQUIRE TONS OF EXERCISE, MENTAL STIMULATION & OF COURSE SOME PATIENCE TOO!",SNEEZY,10154319532907816,,,,,,,
https://www.utahhumane.org/node/17920,https://petharbor.com/get_image.asp?RES=Detail&ID=A108249&LOCATION=UTAH,A108249,Female,Chihuahua - Smooth Coated,Black,4 YEARS,FOSTER,AVAILABLE,"Cassie is a sweet shy girl who would love to find a home that is quiet and calm. She is a transfer from another shelter so most of her history is a mystery, but we've learned a little about her while she's been in foster care. She gets along with other dogs her size. Cassie has been quite shy of people, but once she warms up this lil girl does enjoy being pet and held in a way that makes her feel safe. She would do best in a home without young children, ages 13 and older would be okay.If you'd like to meet Cassie and make her a part of your family please call the Foster Department to schedule a Meet and Greet appointment 801-261-2919 x215.",CASSIE,10154319532907816,,,,,,,
https://www.utahhumane.org/node/19472,https://petharbor.com/get_image.asp?RES=Detail&ID=A101160&LOCATION=UTAH,A101160,Female,Shorthaired Rabbit,Gray,3 YEARS,BB2,AVAILABLE,null,DAISY,10154319532907816,,,,,,,
https://www.utahhumane.org/node/17950,https://petharbor.com/get_image.asp?RES=Detail&ID=A108621&LOCATION=UTAH,A108621,Female,Domestic Shorthair,Black,4 YEARS,CA01,AVAILABLE,"From the shadows of the night a ""Mystery Meow"" will emerge to steal your heart! Most of us came here with no history, but some of us are just timid & our personalities have yet to shine. Give me a chance & I'll show you just how amazing I can be!",JOKER,10154319532907816,,,,,,,
https://www.utahhumane.org/node/19559,https://petharbor.com/get_image.asp?RES=Detail&ID=A110046&LOCATION=UTAH,A110046,Female,Siamese,SEAL PT,8 YEARS,CA01,AVAILABLE,"""Couch Cat"" is the name & relaxing is my game! When I'm not soaking up the sun or enjoying a snack, you'll find me cuddled up on the couch. I'll be happiest just relaxing with you & getting some love in between nap sessions!",ZOE,10154319532907816,,,,,,,
https://www.utahhumane.org/node/18868,https://petharbor.com/get_image.asp?RES=Detail&ID=A109820&LOCATION=UTAH,A109820,Male,Domestic Shorthair,Gray,8 YEARS,CA17,AVAILABLE,"""Couch Cat"" is the name & relaxing is my game! When I'm not soaking up the sun or enjoying a snack, you'll find me cuddled up on the couch. I'll be happiest just relaxing with you & getting some love in between nap sessions!",BENNY,10154319532907816,,,,,,,
https://www.utahhumane.org/node/17814,https://petharbor.com/get_image.asp?RES=Detail&ID=A098110&LOCATION=UTAH,A098110,Male,Domestic Shorthair,Black,10 YEARS,CC40,AVAILABLE,"Never fear! ""Frisky Feline"" is here! Leaping from the highest heights, pouncing from rooftops & saving my humans from the evil red dot! Being a hero is hard work, but someone has to do it! I need plenty of play time to be the best friend I can be!",DIESEL,10154319532907816,,,,,,,
https://www.utahhumane.org/node/17869,https://petharbor.com/get_image.asp?RES=Detail&ID=A107354&LOCATION=UTAH,A107354,Male,Chihuahua - Smooth Coated,Cream,1 YEAR 10 MONTHS,FOSTER,AVAILABLE,"I am a transfer from another shelter & am ready to start my new life! Although my history is a mystery, I like the people & other dogs I have met here at HSU. It is unknown if I have been around cats or children before. I may or may not be fully house trained‰Û_some of us transfer animals have lived our entire lives in a loving home environment, while others have never lived indoors or been part of a family. I can tell you that we are all very eager to learn!I may need some guidance & a healthy dose of patience while I'm learning the ropes. A regular daily routine, positive reinforcement, crate training & exercise will help me learn to be the very best canine companion I can be! If you do decide to take me home, the behavior staff at HSU is here to help me succeed, so feel free to contact them if you need help!If you think we're a match, please bring your family (including other dogs) to The Humane Society of Utah to meet me today!My temporary home is:THE HUMANE SOCIETY OF UTAH4242 SOUTH 300 WEST MURRAY, UTAH 84107 (801) 261-2919 x227WWW.UTAHHUMANE.ORG",PABLO,10154319532907816,,,,,,,
https://www.utahhumane.org/node/18588,https://petharbor.com/get_image.asp?RES=Detail&ID=A109624&LOCATION=UTAH,A109624,Female,Domestic Shorthair,CALICO,3 YEARS,CA09,AVAILABLE,"The saying goes ""those who have a cat have no need for sculpture."" I'm a confident cat who wants to be the ruler of your kingdom. I love to be loved, but on my terms. As a ""Holier Than Meow"", my favorite past time is simply being visually admired.",LYRA,10154319532907816,,,,,,,
https://www.utahhumane.org/node/19585,https://petharbor.com/get_image.asp?RES=Detail&ID=A084983&LOCATION=UTAH,A084983,Female,Domestic Shorthair,BRN TABBY,8 YEARS,CA06,AVAILABLE,"I'll be forever yours & you'll be forever mine; I'm the ""Faithful Feline""! I'll be your shadow & your very best friend. I'll frolic at your feet & we can take naps in the sunshine. As your resident Velcro cat, I'm happiest just being by your side.",FELA,10154319532907816,,,,,,,
https://www.utahhumane.org/node/17826,https://petharbor.com/get_image.asp?RES=Detail&ID=A103087&LOCATION=UTAH,A103087,Male,Domestic Shorthair,BLK TABBY,6 YEARS,CA07,AVAILABLE,"The saying goes ""those who have a cat have no need for sculpture."" I'm a confident cat who wants to be the ruler of your kingdom. I love to be loved, but on my terms. As a ""Holier Than Meow"", my favorite past time is simply being visually admired.",MR WHISKERS,10154319532907816,,,,,,,
https://www.utahhumane.org/node/17898,https://petharbor.com/get_image.asp?RES=Detail&ID=A107894&LOCATION=UTAH,A107894,Male,Domestic Shorthair,ORG TABBY,2 YEARS,CA19,AVAILABLE,"From the shadows of the night a ""Mystery Meow"" will emerge to steal your heart! Most of us came here with no history, but some of us are just timid & our personalities have yet to shine. Give me a chance & I'll show you just how amazing I can be!",GARLAND,10154319532907816,,,,,,,
https://www.utahhumane.org/node/19594,https://petharbor.com/get_image.asp?RES=Detail&ID=A110172&LOCATION=UTAH,A110172,Female,Domestic Shorthair,Black,1 YEAR 7 MONTHS,CA11,AVAILABLE,null,SAMIS,10154319532907816,,,,,,,
https://www.utahhumane.org/node/18502,https://petharbor.com/get_image.asp?RES=Detail&ID=A098131&LOCATION=UTAH,A098131,Male,Australian Cattle Dog,RED TICK,2 YEARS,DU16,AVAILABLE,"The Pets in Progress program is HSU's initiative to successfully place animals who are currently working on some behavioral challenges. Best with experienced pet owners, they require a bit of extra training as they work towards becoming the best companions they can be. At HSU, we know they are well worth the effort!What I have to offer:- I already know cues to sit, lay down & shake!- I‰Ûªm already crate trained!- I‰Ûªm extremely intelligent & very athletic! I love to run & enjoy playing fetch.What I‰Ûªm working on:- Impulse control: I have a lot of energy & can get a bit carried away when I‰Ûªm frustrated.- Resource guarding: I tend to be a bit greedy when it comes to my food, bones & toys.What I‰Ûªm looking for:- A very active household with herding dog experienced owners & no kids under 13 years of age. - A secure yard, with supervision outside. (I‰Ûªve been known to be a bit of a Houdini!)- Canine companions who are similar to my own size & energy level.- Ample mental stimulation & lots of exercise.- Ongoing positive reinforcement training to help with impulse control & resource guarding.Think this might be the right pet for you? Talk to a staff member today!*Please note that Pets in Progress adoptions are approved by HSU‰Ûªs Behavior Department.*",KNOX,10154319532907816,,,,,,,
https://www.utahhumane.org/node/19475,https://petharbor.com/get_image.asp?RES=Detail&ID=A109941&LOCATION=UTAH,A109941,Male,American Pit Bull Terrier,BR BRINDLE,4 YEARS,DA9,AVAILABLE,"Heart thief, chubby charmer & total hug addict! I‰Ûªm on the search for my forever family! I‰Ûªm still young but have tons to learn! I‰Ûªll require a daily routine full of mental & physical stimulation! Bring your whole family in for a meet & greet today!",OAKI,10154319532907816,,,,,,,
https://www.utahhumane.org/node/17839,https://petharbor.com/get_image.asp?RES=Detail&ID=A105485&LOCATION=UTAH,A105485,Male,Shorthaired Rabbit,Black,1 YEAR,BB12,AVAILABLE,"Fluffy & full of fun it's hard to believe I'm still up for adoption! I'd love a home that can provide proper housing, give me TONS of love & make sure they have enough time to spend with me daily! Call or come in today!",HIP,10154319532907816,,,,,,,
https://www.utahhumane.org/node/18746,https://petharbor.com/get_image.asp?RES=Detail&ID=A104686&LOCATION=UTAH,A104686,Female,Shorthaired Rabbit,Black,2 YEARS,BB4,AVAILABLE,"I‰Ûªve got a personality that is sure to melt your heart, sweet, petite, & handsome I‰Ûªd make a great addition to any family! I‰Ûªd love noting more than a human of my very own that will spoil me silly! Come meet me today!",BLACK MAGIC,10154319532907816,,,,,,,
https://www.utahhumane.org/node/19592,https://petharbor.com/get_image.asp?RES=Detail&ID=A110147&LOCATION=UTAH,A110147,Male,Domestic Shorthair,GRAY TABBY,3 YEARS,CA19,AVAILABLE,"The saying goes ""those who have a cat have no need for sculpture."" I'm a confident cat who wants to be the ruler of your kingdom. I love to be loved, but on my terms. As a ""Holier Than Meow"", my favorite past time is simply being visually admired.",COCA,10154319532907816,,,,,,,
https://www.utahhumane.org/node/17815,https://petharbor.com/get_image.asp?RES=Detail&ID=A098740&LOCATION=UTAH,A098740,Male,Maine Coon,BRN TABBY,8 YEARS,CA18,AVAILABLE,"The saying goes ""those who have a cat have no need for sculpture."" I'm a confident cat who wants to be the ruler of your kingdom. I love to be loved, but on my terms. As a ""Holier Than Meow"", my favorite past time is simply being visually admired.",TOBY,10154319532907816,,,,,,,
https://www.utahhumane.org/node/19495,https://petharbor.com/get_image.asp?RES=Detail&ID=A110125&LOCATION=UTAH,A110125,Female,Domestic Shorthair,ORG TABBY,3 YEARS,CA17,AVAILABLE,"""Couch Cat"" is the name & relaxing is my game! When I'm not soaking up the sun or enjoying a snack, you'll find me cuddled up on the couch. I'll be happiest just relaxing with you & getting some love in between nap sessions!",LILLY,10154319532907816,,,,,,,
https://www.utahhumane.org/node/17824,https://petharbor.com/get_image.asp?RES=Detail&ID=A102815&LOCATION=UTAH,A102815,Female,Domestic Shorthair,Black,9 YEARS,CA02,AVAILABLE,"I'll be forever yours & you'll be forever mine; I'm the ""Faithful Feline""! I'll be your shadow & your very best friend. I'll frolic at your feet & we can take naps in the sunshine. As your resident Velcro cat, I'm happiest just being by your side.",GABBY,10154319532907816,,,,,,,
https://www.utahhumane.org/node/18445,https://petharbor.com/get_image.asp?RES=Detail&ID=A108950&LOCATION=UTAH,A108950,Female,Labrador Retriever,Black,7 YEARS,DU13,AVAILABLE,"I‰Ûªd love nothing more than to participate in whatever you‰Ûªre doing! I‰Ûªm true to my breed I‰Ûªm an outgoing, energetic, lab blend & will thrive having a job to do! My ideal home will feed me seperately from other K9 pals & teach me how to live inside & be part of the family! Come & meet me today!",KIWI,10154319532907816,,,,,,,
https://www.utahhumane.org/node/18052,https://petharbor.com/get_image.asp?RES=Detail&ID=A109375&LOCATION=UTAH,A109375,Male,Bombay,Black,1 YEAR,CA16,AVAILABLE,"Never fear! ""Frisky Feline"" is here! Leaping from the highest heights, pouncing from rooftops & saving my humans from the evil red dot! Being a hero is hard work, but someone has to do it! I need plenty of play time to be the best friend I can be!Tony loves hanging out with his peeps, but doens't not really like being handeled and really dislike being restrained. He will need a home free of tiny humans who might try to pick him up. Don't tell him that I've said that, but he is a bit of a diva and requires a spotless litterbox in a clean environment.",TONY,10154319532907816,,,,,,,
https://www.utahhumane.org/node/17812,https://petharbor.com/get_image.asp?RES=Detail&ID=A094632&LOCATION=UTAH,A094632,Female,Pit Bull Terrier,BR BRINDLE,2 YEARS,DA3,AVAILABLE,"I am a transfer from another shelter & am ready to start my new life! Although my history is a mystery, I like the people & other dogs I have met here at HSU. It is unknown if I have been around cats or children before. I may or may not be fully house trained‰Û_some of us transfer animals have lived our entire lives in a loving home environment, while others have never lived indoors or been part of a family. I can tell you that we are all very eager to learn!I may need some guidance & a healthy dose of patience while I'm learning the ropes. A regular daily routine, positive reinforcement, crate training & exercise will help me learn to be the very best canine companion I can be! If you do decide to take me home, the behavior staff at HSU is here to help me succeed, so feel free to contact them if you need help!If you think we're a match, please bring your family (including other dogs) to The Humane Society of Utah to meet me today!My temporary home is:THE HUMANE SOCIETY OF UTAH4242 SOUTH 300 WEST MURRAY, UTAH 84107 (801) 261-2919 x227WWW.UTAHHUMANE.ORG",HONEY,10154319532907816,,,,,,,
https://www.utahhumane.org/node/19584,https://petharbor.com/get_image.asp?RES=Detail&ID=A078821&LOCATION=UTAH,A078821,Female,Domestic Shorthair,BRN TABBY,5 YEARS,CA03,AVAILABLE,"""Couch Cat"" is the name & relaxing is my game! When I'm not soaking up the sun or enjoying a snack, you'll find me cuddled up on the couch. I'll be happiest just relaxing with you & getting some love in between nap sessions!",SCARLET,10154319532907816,,,,,,,
https://www.utahhumane.org/node/17854,https://petharbor.com/get_image.asp?RES=Detail&ID=A107011&LOCATION=UTAH,A107011,Male,Shorthaired Rabbit,White,1 YEAR 6 MONTHS,BB7,AVAILABLE,"Looking for a perfect addition to add to your family! I‰Ûªm sweet, petite, & handsome too! I‰Ûªd love nothing more than a home to call my own, where I will be spoiled silly! Come meet me today!",POTATO,10154319532907816,,,,,,,
https://www.utahhumane.org/node/18012,https://petharbor.com/get_image.asp?RES=Detail&ID=A109145&LOCATION=UTAH,A109145,Male,Redtick hound,White,1 YEAR 11 MONTHS,DU16,AVAILABLE,"The Pets in Progress program is HSU's initiative to successfully place animals who are currently working on some behavioral challenges. Best with experienced pet owners, they require a bit of extra training as they work towards becoming the best companions they can be. At HSU, we know they are well worth the effort!What I have to offer:- I‰Ûªm extremely intelligent & very motivated to learn, especially when there are treats involved!- I‰Ûªm a perfect gentleman on a leash, as long as I‰Ûªm walked using a no-pull harness.- I already know cues to sit, down, wait & shake. (I‰Ûªll do anything for a treat & I love to learn!)What I‰Ûªm working on:- Impulse control: I have a lot of energy & when I‰Ûªm excited I sometimes forget how strong I am. - Basic manners: I still need training to learn some of the basics, like potty training & house manners.What I‰Ûªm looking for:- A very active household with hound dog experienced owners & no kids under age 13. - Canine companions similar in size & energy level.- Forgiving neighbors! (I‰Ûªm a hound who loves the sound of my own voice.)- Ample mental stimulation & lots of exercise are going to be a daily necessity for me.- Ongoing positive reinforcement training for impulse control & basic manners.Think this might be the right pet for you? Talk to a staff member today!*Please note that Pets in Progress adoptions are approved by HSU‰Ûªs Behavior Department.*",DOUGAN,10154319532907816,,,,,,,
https://www.utahhumane.org/node/17966,https://petharbor.com/get_image.asp?RES=Detail&ID=A108731&LOCATION=UTAH,A108731,Female,Domestic Shorthair,CALICO,2 YEARS,CA17,AVAILABLE,"Not to toot my own horn, but I'm a ""Fancy Foster""! I needed some extra TLC when I arrived, so I went to foster care. The foster department knows the most about me & would love to tell you everything. Please ask the staff to ""fetch"" them for you!",CALLIE,10154319532907816,,,,,,,
https://www.utahhumane.org/node/17983,https://petharbor.com/get_image.asp?RES=Detail&ID=A108865&LOCATION=UTAH,A108865,Male,Domestic Shorthair,Black,3 YEARS,CC41,AVAILABLE,"I like to talk. I am a very clever climber. I adore baby talk. I am very sweet and enjoy being pet, but I am also shy at first with new people. I also have some cloudiness in my eyes. if you have further questions about me or my health please contact the Humane Society of Utah Adoptions Department 801-261-2919 ext 227",MITTY,10154319532907816,,,,,,,
https://www.utahhumane.org/node/19107,https://petharbor.com/get_image.asp?RES=Detail&ID=A109981&LOCATION=UTAH,A109981,Male,Treeing Walker Coonhound,TRI,2 YEARS,DA3,AVAILABLE,"I am a transfer from another shelter & am ready to start my new life! Although my history is a mystery, I like the people & other dogs I have met here at HSU. It is unknown if I have been around cats or children before. I may or may not be fully house trained‰Û_some of us transfer animals have lived our entire lives in a loving home environment, while others have never lived indoors or been part of a family. I can tell you that we are all very eager to learn!I may need some guidance & a healthy dose of patience while I'm learning the ropes. A regular daily routine, positive reinforcement, crate training & exercise will help me learn to be the very best canine companion I can be! If you do decide to take me home, the behavior staff at HSU is here to help me succeed, so feel free to contact them if you need help!If you think we're a match, please bring your family (including other dogs) to The Humane Society of Utah to meet me today!My temporary home is:THE HUMANE SOCIETY OF UTAH4242 SOUTH 300 WEST MURRAY, UTAH 84107 (801) 261-2919 x227WWW.UTAHHUMANE.ORG",COPPER,10154319532907816,,,,,,,
https://www.utahhumane.org/node/19480,https://petharbor.com/get_image.asp?RES=Detail&ID=A110055&LOCATION=UTAH,A110055,Male,Australian Cattle Dog,BLUE TICK,2 YEARS,DU13,AVAILABLE,"Looking for an energetic partner to explore the world with? Not only do I have mounds of energy, but I‰Ûªm also pretty cute too! I‰Ûªll need adopters who can give me a daily routine, mental stimulation, & have knowledge of my breed! If you can provide all of this & more consider meeting me today!",ZORO,10154319532907816,,,,,,,
https://www.utahhumane.org/node/18605,https://petharbor.com/get_image.asp?RES=Detail&ID=A101705&LOCATION=UTAH,A101705,Male,Soft-Coated Wheaten Terrier,Tan,6 YEARS,DM32,AVAILABLE,"The Pets in Progress program is HSU's initiative to successfully place animals who are currently working on some behavioral challenges. Best with experienced pet owners, they require a bit of extra training as they work towards becoming the best companions they can be. At HSU, we know they are well worth the effort!What I have to offer:- I‰Ûªm playful & affectionate with people once I‰Ûªve had a chance to warm up!- I‰Ûªm extremely intelligent & eager to learn!- I‰Ûªm well-mannered & walk great on a leash!What I‰Ûªm working on:- Social skills with other dogs: I‰Ûªm uncomfortable around other canines & prefer brief encounters with mellow dogs who respect my space.- Basic manners: I have some training under my belt already, but there is always room for improvement!What I‰Ûªm looking for:- An active household with experienced dog owners & no children under the age of 8. - A home where I can be the star of the show & won‰Ûªt have to share the spotlight with another dog. - A home with no cats or other small animals. (I‰Ûªm a little too interested in them, if you know what I mean.)- A new stylist! (I will require regular professional grooming to keep me comfortable & healthy.)- Ample mental stimulation, daily exercise & ongoing positive reinforcement training.Think this might be the right pet for you? Talk to a staff member today!*Please note that Pets in Progress adoptions are approved by HSU‰Ûªs Behavior Department.* (If they are not available, you will need to make an appointment.)",HURLEY,10154319532907816,,,,,,,
https://www.utahhumane.org/node/19586,https://petharbor.com/get_image.asp?RES=Detail&ID=A099960&LOCATION=UTAH,A099960,Female,Ragdoll,CALICO PT,3 YEARS,CA02,AVAILABLE,"The saying goes ""those who have a cat have no need for sculpture."" I'm a confident cat who wants to be the ruler of your kingdom. I love to be loved, but on my terms. As a ""Holier Than Meow"", my favorite past time is simply being visually admired.",CORA,10154319532907816,,,,,,,
https://www.utahhumane.org/node/19481,https://petharbor.com/get_image.asp?RES=Detail&ID=A110066&LOCATION=UTAH,A110066,Female,Domestic Longhair,Black,4 YEARS,CA05,AVAILABLE,"I'll be forever yours & you'll be forever mine; I'm the ""Faithful Feline""! I'll be your shadow & your very best friend. I'll frolic at your feet & we can take naps in the sunshine. As your resident Velcro cat, I'm happiest just being by your side.",MISHKA,10154319532907816,,,,,,,
https://www.utahhumane.org/node/19246,https://petharbor.com/get_image.asp?RES=Detail&ID=A109912&LOCATION=UTAH,A109912,Male,Domestic Longhair,Black,9 YEARS,CA17,AVAILABLE,"""Couch Cat"" is the name & relaxing is my game! When I'm not soaking up the sun or enjoying a snack, you'll find me cuddled up on the couch. I'll be happiest just relaxing with you & getting some love in between nap sessions!",KEVIN,10154319532907816,,,,,,,
https://www.utahhumane.org/node/19490,https://petharbor.com/get_image.asp?RES=Detail&ID=A110107&LOCATION=UTAH,A110107,Female,Domestic Shorthair,TORTIE,7 YEARS,CA09,AVAILABLE,"""Couch Cat"" is the name & relaxing is my game! When I'm not soaking up the sun or enjoying a snack, you'll find me cuddled up on the couch. I'll be happiest just relaxing with you & getting some love in between nap sessions!",CATNESS,10154319532907816,,,,,,,
https://www.utahhumane.org/node/19558,https://petharbor.com/get_image.asp?RES=Detail&ID=A108885&LOCATION=UTAH,A108885,Male,Chihuahua - Smooth Coated,Black,4 YEARS,DM29,AVAILABLE,"Charming & handsome, it‰Ûªs hard not to fall head over heels. I‰Ûªd make a perfect addition to almost any family, I‰Ûªd do best in a mellow home with kids 8+! I‰Ûªd love nothing more than a family that will give me a warm bed, treats, & endless love! Sound like the perfect pooch? Come meet me today!",GIBBS,10154319532907816,,,,,,,
https://www.utahhumane.org/node/19201,https://petharbor.com/get_image.asp?RES=Detail&ID=A109595&LOCATION=UTAH,A109595,Male,Chihuahua - Smooth Coated,Black,2 YEARS,SD4,AVAILABLE,"I am a transfer from another shelter & am ready to start my new life! Although my history is a mystery, I like the people & other dogs I have met here at HSU. It is unknown if I have been around cats or children before. I may or may not be fully house trained‰Û_some of us transfer animals have lived our entire lives in a loving home environment, while others have never lived indoors or been part of a family. I can tell you that we are all very eager to learn!I may need some guidance & a healthy dose of patience while I'm learning the ropes. A regular daily routine, positive reinforcement, crate training & exercise will help me learn to be the very best canine companion I can be! If you do decide to take me home, the behavior staff at HSU is here to help me succeed, so feel free to contact them if you need help!If you think we're a match, please bring your family (including other dogs) to The Humane Society of Utah to meet me today!My temporary home is:THE HUMANE SOCIETY OF UTAH4242 SOUTH 300 WEST MURRAY, UTAH 84107 (801) 261-2919 x227WWW.UTAHHUMANE.ORG",COLORADO,10154319532907816,,,,,,,
https://www.utahhumane.org/node/19090,https://petharbor.com/get_image.asp?RES=Detail&ID=A098969&LOCATION=UTAH,A098969,Male,Australian Cattle Dog,Tan,3 YEARS,DA8,AVAILABLE,Ready to power up your jet pack & go on a warp speed adventure? I'll thrive in a home with experienced herding dog owners that can give me a daily routine & formal training. I'm still young & need TONS of exercise & mental stimulation. If you can provide all of this & more consider meeting me today!,CHARLIE,10154319532907816,,,,,,,
https://www.utahhumane.org/node/17801,https://petharbor.com/get_image.asp?RES=Detail&ID=A066872&LOCATION=UTAH,A066872,Male,Shorthaired Rabbit,White,4 YEARS,BB3,AVAILABLE,"With eyes like these it‰Ûªs hard not to fall in love. I‰Ûªm on the search for my perfect home that will spoil me silly with treats, love, & of course a forever family! Come meet me today!",ZEPPO,10154319532907816,,,,,,,
https://www.utahhumane.org/node/19588,https://petharbor.com/get_image.asp?RES=Detail&ID=A109998&LOCATION=UTAH,A109998,Male,Shorthaired Rabbit,White,3 YEARS,BB18,AVAILABLE,null,FRAHM,10154319532907816,,,,,,,
https://www.utahhumane.org/node/18611,https://petharbor.com/get_image.asp?RES=Detail&ID=A109652&LOCATION=UTAH,A109652,Male,Pit Bull Terrier,Black,4 MONTHS,SD6,AVAILABLE,"Looking to start your day off with some adventure? I‰Ûªm energetic, young, & always at the ready! My favoritest hobby is hanging out with my people. I'm already housebroken, good with dogs of all sizes, kids of all ages, cats (although I will chase them if they run), and even rabbits. I am used to sleeping in my kennel but I love to nap with you. While I do get carsick, in all other respects, I am an outstanding family dog! For more information or to meet me, call the Foster Dept at 801-261-2919 x215. My adoption fee is $250 which includes this year's vaccinations (excluding rabies), deworming, neuter, microchip, a certificate for a free exam with a participating local veterinarian, and a slip leash to take me home.",BEAN,10154319532907816,,,,,,,
https://www.utahhumane.org/node/19248,https://petharbor.com/get_image.asp?RES=Detail&ID=A109959&LOCATION=UTAH,A109959,Male,Domestic Shorthair,Black,3 YEARS,CA19,AVAILABLE,"I am a transfer from another shelter & am ready to start my new life! Although my history is a mystery, I like the people I have met here at HSU. It is unknown if I have been around other cats, dogs or children before I arrived. Some of us transfer animals have lived our entire lives in a loving home environment, while others have never been part of a family. I have been through a lot of transition lately & while we felines don't typically like to admit our weaknesses‰Û_change can be a bit hard for us & we tend to adjust slowly. I may need as long as a couple of months to fully decompress & settle in to my new home. A regular daily routine, positive reinforcement, play time & time to myself will help me learn to be the very best feline companion I can be! If you do decide to take me home, the behavior staff at HSU is here to help me succeed, so feel free to contact them if you need help!If you think we're a match, please bring your family to The Humane Society of Utah to meet me today!My temporary home is:THE HUMANE SOCIETY OF UTAH4242 SOUTH 300 WEST MURRAY, UTAH 84107(801) 261-2919 x227WWW.UTAHHUMANE.ORG",OG,10154319532907816,,,,,,,
https://www.utahhumane.org/node/17926,https://petharbor.com/get_image.asp?RES=Detail&ID=A108344&LOCATION=UTAH,A108344,Male,Domestic Shorthair,BRN TABBY,1 YEAR 9 MONTHS,CA04,AVAILABLE,"From the shadows of the night a ""Mystery Meow"" will emerge to steal your heart! Most of us came here with no history, but some of us are just timid & our personalities have yet to shine. Give me a chance & I'll show you just how amazing I can be!",TILLY,10154319532907816,,,,,,,
https://www.utahhumane.org/node/19589,https://petharbor.com/get_image.asp?RES=Detail&ID=A110056&LOCATION=UTAH,A110056,Female,Australian Cattle Dog,TRI,2 YEARS,DA10,AVAILABLE,"Looking for an energetic partner to explore the world with? Not only do I have mounds of energy, but I‰Ûªm also pretty cute too! I‰Ûªll need adopters who can give me a daily routine, mental stimulation, & have knowledge of my breed! If you can provide all of this & more consider meeting me today!",DIVA,10154319532907816,,,,,,,
https://www.utahhumane.org/node/18559,https://petharbor.com/get_image.asp?RES=Detail&ID=A109548&LOCATION=UTAH,A109548,Female,Domestic Shorthair,BLUE TABBY,4 YEARS,CA10,AVAILABLE,"Never fear! ""Frisky Feline"" is here! Leaping from the highest heights, pouncing from rooftops & saving my humans from the evil red dot! Being a hero is hard work, but someone has to do it! I need plenty of play time to be the best friend I can be!",BLACKEY,10154319532907816,,,,,,,
https://www.utahhumane.org/node/19491,https://petharbor.com/get_image.asp?RES=Detail&ID=A110110&LOCATION=UTAH,A110110,Male,Domestic Shorthair,Black,2 YEARS,CA11,AVAILABLE,"Never fear! ""Frisky Feline"" is here! Leaping from the highest heights, pouncing from rooftops & saving my humans from the evil red dot! Being a hero is hard work, but someone has to do it! I need plenty of play time to be the best friend I can be!",MOLE,10154319532907816,,,,,,,
https://www.utahhumane.org/node/18501,https://petharbor.com/get_image.asp?RES=Detail&ID=A097779&LOCATION=UTAH,A097779,Female,Domestic Shorthair,BRN TABBY,2 YEARS,FOSTER,AVAILABLE,"Charlie is an adorable brown tabby cat with a white bib and white paws. She is about 2 years old with the cutest little round face.Charlie would like a home where she is the only pet in the household. She does not care for other cats at all and is bossy. Charlie has a little bit of attitude, but is friendly as long as you don't mind an occasional nip or two! If you are looking for a sassy little friend to follow you around, Charlie might be the right kitty for you.Her adoption fee is $25.00. Call the Foster Department at 801-261-2919 x215 for more information, or stop by our department to meet Charlie.",CHARLIE,10154319532907816,,,,,,,
https://www.utahhumane.org/node/17988,https://petharbor.com/get_image.asp?RES=Detail&ID=A108907&LOCATION=UTAH,A108907,Female,Shorthaired Rabbit,White,1 YEAR 2 MONTHS,BB9,AVAILABLE,null,WHISKEY,10154319532907816,,,,,,,
https://www.utahhumane.org/node/18983,https://petharbor.com/get_image.asp?RES=Detail&ID=A109823&LOCATION=UTAH,A109823,Male,Domestic Longhair,Black,8 YEARS,CA13,AVAILABLE,"The saying goes ""those who have a cat have no need for sculpture."" I'm a confident cat who wants to be the ruler of your kingdom. I love to be loved, but on my terms. As a ""Holier Than Meow"", my favorite past time is simply being visually admired.",CHI CHI,10154319532907816,,,,,,,
https://www.utahhumane.org/node/17896,https://petharbor.com/get_image.asp?RES=Detail&ID=A107799&LOCATION=UTAH,A107799,Female,Domestic Shorthair,BRN TABBY,2 YEARS,CA17,AVAILABLE,"From the shadows of the night a ""Mystery Meow"" will emerge to steal your heart! Most of us came here with no history, but some of us are just timid & our personalities have yet to shine. Give me a chance & I'll show you just how amazing I can be!",SALLY,10154319532907816,,,,,,,
https://www.utahhumane.org/node/17806,https://petharbor.com/get_image.asp?RES=Detail&ID=A089576&LOCATION=UTAH,A089576,Male,Treeing Walker Coonhound,Red,8 YEARS,DU11,AVAILABLE,"The Pets in Progress program is HSU's initiative to successfully place animals who are currently working on some behavioral challenges. Best with experienced pet owners, they require a bit of extra training as they work towards becoming the best companions they can be. At HSU, we know they are well worth the effort!What I have to offer:- I‰Ûªm extremely intelligent & very motivated to learn, especially when there are treats involved!- I‰Ûªm a perfect gentleman on a leash, as long as I‰Ûªm walked using a no-pull harness.- I already know cues to sit & wait.What I‰Ûªm working on:- Resource guarding: I tend to be a bit greedy when it comes to my food, bones & toys. - Basic manners: I have some training under my belt already but there is always room for improvement!- Chewing: I love to chew so I‰Ûªll need to be supervised whenever I‰Ûªm given appropriate toys & treats to work on.What I‰Ûªm looking for:- A very active household with hound dog experienced owners & no kids under age 13. - Canine companions similar in size & energy level.- A secure yard, with supervision outside.- Ample mental stimulation & lots of exercise are going to be a daily necessity for me.- Ongoing positive reinforcement training for socialization & basic manners.Think this might be the right pet for you? Talk to a staff member today!*Please note that Pets in Progress adoptions are approved by HSU‰Ûªs Behavior Department.*",PLUTO,10154319532907816,,,,,,,
https://www.utahhumane.org/node/19302,https://petharbor.com/get_image.asp?RES=Detail&ID=A109914&LOCATION=UTAH,A109914,Male,Domestic Shorthair,ORG TABBY,8 YEARS,CA17,AVAILABLE,"""Couch Cat"" is the name & relaxing is my game! When I'm not soaking up the sun or enjoying a snack, you'll find me cuddled up on the couch. I'll be happiest just relaxing with you & getting some love in between nap sessions!",AJAX,10154319532907816,,,,,,,
https://www.utahhumane.org/node/19488,https://petharbor.com/get_image.asp?RES=Detail&ID=A110101&LOCATION=UTAH,A110101,Female,Domestic Mediumhair,Black,9 YEARS,CA06,AVAILABLE,"Never fear! ""Frisky Feline"" is here! Leaping from the highest heights, pouncing from rooftops & saving my humans from the evil red dot! Being a hero is hard work, but someone has to do it! I need plenty of play time to be the best friend I can be!",MISSY,10154319532907816,,,,,,,
https://www.utahhumane.org/node/19449,https://petharbor.com/get_image.asp?RES=Detail&ID=A110064&LOCATION=UTAH,A110064,Male,Russian Blue,Blue,7 YEARS,CA06,AVAILABLE,"""Couch Cat"" is the name & relaxing is my game! When I'm not soaking up the sun or enjoying a snack, you'll find me cuddled up on the couch. I'll be happiest just relaxing with you & getting some love in between nap sessions!",BONO,10154319532907816,,,,,,,
https://www.utahhumane.org/node/19468,https://petharbor.com/get_image.asp?RES=Detail&ID=A040832&LOCATION=UTAH,A040832,Female,Domestic Shorthair,TORTIE,6 YEARS,CA04,AVAILABLE,"""Couch Cat"" is the name & relaxing is my game! When I'm not soaking up the sun or enjoying a snack, you'll find me cuddled up on the couch. I'll be happiest just relaxing with you & getting some love in between nap sessions!",LUCY,10154319532907816,,,,,,,
https://www.utahhumane.org/node/19506,https://petharbor.com/get_image.asp?RES=Detail&ID=A110141&LOCATION=UTAH,A110141,Male,Guinea Pig,White,3 YEARS,RT1-1,AVAILABLE,null,XERXES,10154319532907816,,,,,,,
https://www.utahhumane.org/node/18585,https://petharbor.com/get_image.asp?RES=Detail&ID=A109194&LOCATION=UTAH,A109194,Female,Domestic Shorthair,BRN TABBY,9 YEARS,CA08,AVAILABLE,"""Couch Cat"" is the name & relaxing is my game! When I'm not soaking up the sun or enjoying a snack, you'll find me cuddled up on the couch. I'll be happiest just relaxing with you & getting some love in between nap sessions!",KITTY,10154319532907816,,,,,,,
https://www.utahhumane.org/node/19422,https://petharbor.com/get_image.asp?RES=Detail&ID=A091059&LOCATION=UTAH,A091059,Male,Chinese Sharpei,Tan,2 YEARS,DA10,AVAILABLE,"Yes, I‰Ûªm handsome, okay & a flirt I can‰Ûªt help that everything I do is smoother than a puppy kiss! I‰Ûªm done with puppy shenanigans & ready to settle down into my forever home. I‰Ûªd do best in a mature home with kids 13+, & k9 pals my same size & speed. I have a few other unique quirks the adoptions staff would love to tell you about, call or come in today!",JUN,10154319532907816,,,,,,,
https://www.utahhumane.org/node/17979,https://petharbor.com/get_image.asp?RES=Detail&ID=A108846&LOCATION=UTAH,A108846,Female,Australian Cattle Dog,Brown,2 YEARS,DA5,AVAILABLE,"I am a transfer from another shelter & am ready to start my new life! Although my history is a mystery, I like the people & other dogs I have met here at HSU. (I do seem to prefer male canine companions to other females.) It is unknown if I have been around cats or children before. I may or may not be fully house trained‰Û_some of us transfer animals have lived our entire lives in a loving home environment, while others have never lived indoors or been part of a family. I can tell you that we are all very eager to learn!I may need some guidance & a healthy dose of patience while I'm learning the ropes. A regular daily routine, positive reinforcement, crate training & exercise will help me learn to be the very best canine companion I can be! If you do decide to take me home, the behavior staff at HSU is here to help me succeed, so feel free to contact them if you need help!If you think we're a match, please bring your family (including other dogs) to The Humane Society of Utah to meet me today!My temporary home is:THE HUMANE SOCIETY OF UTAH4242 SOUTH 300 WEST MURRAY, UTAH 84107 (801) 261-2919 x227WWW.UTAHHUMANE.ORG",YODA,10154319532907816,,,,,,,
https://www.utahhumane.org/node/18561,https://petharbor.com/get_image.asp?RES=Detail&ID=A109627&LOCATION=UTAH,A109627,Male,Siamese,BLUE PT,2 YEARS,CA19,AVAILABLE,"Never fear! ""Frisky Feline"" is here! Leaping from the highest heights, pouncing from rooftops & saving my humans from the evil red dot! Being a hero is hard work, but someone has to do it! I need plenty of play time to be the best friend I can be!",SHADOW,10154319532907816,,,,,,,
https://www.utahhumane.org/node/17970,https://petharbor.com/get_image.asp?RES=Detail&ID=A108788&LOCATION=UTAH,A108788,Male,Pit Bull Terrier,Tan,3 YEARS,DA2,AVAILABLE,"Clearly I‰Ûªm handsome, muscular, & charming. Heck I could be Channing Tatum‰Ûªs brother for all I know! I‰Ûªm what your mom would call a ‰ÛÏkeeper‰Û. I'll need a family to bring me inside & teach me how to be a part of the family. Bring the family in (including K9 pals) to meet me today!",MAX,10154319532907816,,,,,,,
https://www.utahhumane.org/node/18632,https://petharbor.com/get_image.asp?RES=Detail&ID=A109535&LOCATION=UTAH,A109535,Male,Domestic Shorthair,Black,10 YEARS,CC36,AVAILABLE,"From the shadows of the night a ""Mystery Meow"" will emerge to steal your heart! Most of us came here with no history, but some of us are just timid & our personalities have yet to shine. Give me a chance & I'll show you just how amazing I can be!",BANDIT,10154319532907816,,,,,,,
https://www.utahhumane.org/node/19245,https://petharbor.com/get_image.asp?RES=Detail&ID=A109877&LOCATION=UTAH,A109877,Male,Domestic Shorthair,Orange,11 YEARS,CC39,AVAILABLE,"""Couch Cat"" is the name & relaxing is my game! When I'm not soaking up the sun or enjoying a snack, you'll find me cuddled up on the couch. I'll be happiest just relaxing with you & getting some love in between nap sessions!",MANGO,10154319532907816,,,,,,,
https://www.utahhumane.org/node/17804,https://petharbor.com/get_image.asp?RES=Detail&ID=A087346&LOCATION=UTAH,A087346,Male,Treeing Walker Coonhound,TRI,4 YEARS,DU11,AVAILABLE,"I'm true to my breed, an energetic hound with a zest for life! I will need lots of patience and guidance as I learn the ropes in my new forever home, I'd do best in a home where someone can be there most of the time! My favorite activities include going on runs, hiking, and chasing tennis balls! Come fall in love!",DUKE,10154319532907816,,,,,,,
https://www.utahhumane.org/node/17860,https://petharbor.com/get_image.asp?RES=Detail&ID=A107227&LOCATION=UTAH,A107227,Male,Labrador Retriever,Yellow,3 YEARS,DA1,AVAILABLE,"I‰Ûªm an adrenaline junkie, adventure seeking, action packed side kick ready to find my perfect home! I‰Ûªm full of plenty of get up & go & need adopters that can keep up with my high octane antics! I‰Ûªm still young & would benefit from some basic obedience training & need a home with kid‰Ûªs at least 10 & older.",DOUGLAS,10154319532907816,,,,,,,
https://www.utahhumane.org/node/19427,https://petharbor.com/get_image.asp?RES=Detail&ID=A110102&LOCATION=UTAH,A110102,Male,Domestic Mediumhair,BRN TABBY,1 YEAR 7 MONTHS,CA10,AVAILABLE,"Never fear! ""Frisky Feline"" is here! Leaping from the highest heights, pouncing from rooftops & saving my humans from the evil red dot! Being a hero is hard work, but someone has to do it! I need plenty of play time to be the best friend I can be!",GRAYSON,10154319532907816,,,,,,,
https://www.utahhumane.org/node/19500,https://petharbor.com/get_image.asp?RES=Detail&ID=A109929&LOCATION=UTAH,A109929,Female,Chihuahua - Smooth Coated,Tan,4 YEARS,SD2,AVAILABLE,"I‰Ûªm full of people loving goodness & done with puppy shenanigans! I have been through a lot of changes lately & it takes time & patience for me to make friends. Once I get to know you, I'm a real cuddle bug. Come & meet me today!",PARIS,10154319532907816,,,,,,,
https://www.utahhumane.org/node/18390,https://petharbor.com/get_image.asp?RES=Detail&ID=A109404&LOCATION=UTAH,A109404,Male,Domestic Shorthair,ORG TABBY,15 YEARS,CC13,AVAILABLE,"""Couch Cat"" is the name & relaxing is my game! When I'm not soaking up the sun or enjoying a snack, you'll find me cuddled up on the couch. I'll be happiest just relaxing with you & getting some love in between nap sessions!",MILO,10154319532907816,,,,,,,
https://www.utahhumane.org/node/18642,https://petharbor.com/get_image.asp?RES=Detail&ID=A109658&LOCATION=UTAH,A109658,Male,Border Collie,TRI,3 YEARS,DA6,AVAILABLE,"Looking for an energetic partner to explore the world with? Not only do a have mounds of energy, but I also I‰Ûªm adorable! I have been through a lot of changes lately & will do best with adopters who will be patient with me as I learn along the way, & teach my how to live inside!",OTTIS,10154319532907816,,,,,,,
https://www.utahhumane.org/node/17811,https://petharbor.com/get_image.asp?RES=Detail&ID=A094628&LOCATION=UTAH,A094628,Female,Domestic Shorthair,CALICO,11 YEARS,CC44,AVAILABLE,"From the shadows of the night a ""Mystery Meow"" will emerge to steal your heart! Most of us came here with no history, but some of us are just timid & our personalities have yet to shine. Give me a chance & I'll show you just how amazing I can be!",LINDA,10154319532907816,,,,,,,
https://www.utahhumane.org/node/17800,https://petharbor.com/get_image.asp?RES=Detail&ID=A066871&LOCATION=UTAH,A066871,Male,Shorthaired Rabbit,White,4 YEARS,BB3,AVAILABLE,"I'm sure to brighten any ones day with my happy go lucky personality. I'd love nothing more than a family that can make sure to spend time with me every day, provide tons of treats & of course love too! Come meet me today!",CHARLIE,10154319532907816,,,,,,,
https://www.utahhumane.org/node/17842,https://petharbor.com/get_image.asp?RES=Detail&ID=A105542&LOCATION=UTAH,A105542,Female,Catahoula Leopard Hound,BR BRINDLE,2 YEARS,DA7,AVAILABLE,A tom boy at heart I‰Ûªm on the search for my perfect adventure buddy that‰Ûªs just as bonkers as me! I‰Ûªm full of antics & will need adopters that can keep up with my enthusiasm for just about everything! Due to my exuberance I‰Ûªd do best with playful K9 pals that are my same size & kids 13+. Come & meet me today!,PIPER,10154319532907816,,,,,,,
https://www.utahhumane.org/node/18820,https://petharbor.com/get_image.asp?RES=Detail&ID=A109347&LOCATION=UTAH,A109347,Male,Pit Bull Terrier,Tan,3 YEARS,DA8,AVAILABLE,"Looking to add some spunk to your life? I‰Ûªd be a perfect match for someone who is looking to have an adventure buddy! My ideal home will have my favorite people around more often than not, give me lots love, & can supervise me while I'm outside. Come & meet me today!",DEUCE,10154319532907816,,,,,,,
https://www.utahhumane.org/node/18280,https://petharbor.com/get_image.asp?RES=Detail&ID=A109448&LOCATION=UTAH,A109448,Male,Domestic Shorthair,Black,4 YEARS,CB05,AVAILABLE,null,BOO,10154319532907816,,,,,,,
https://www.utahhumane.org/node/19249,https://petharbor.com/get_image.asp?RES=Detail&ID=A109960&LOCATION=UTAH,A109960,Male,Domestic Shorthair,Black,2 YEARS,CA17,AVAILABLE,"I am a transfer from another shelter & am ready to start my new life! Although my history is a mystery, I like the people I have met here at HSU. It is unknown if I have been around other cats, dogs or children before I arrived. Some of us transfer animals have lived our entire lives in a loving home environment, while others have never been part of a family. I have been through a lot of transition lately & while we felines don't typically like to admit our weaknesses‰Û_change can be a bit hard for us & we tend to adjust slowly. I may need as long as a couple of months to fully decompress & settle in to my new home. A regular daily routine, positive reinforcement, play time & time to myself will help me learn to be the very best feline companion I can be! If you do decide to take me home, the behavior staff at HSU is here to help me succeed, so feel free to contact them if you need help!If you think we're a match, please bring your family to The Humane Society of Utah to meet me today!My temporary home is:THE HUMANE SOCIETY OF UTAH4242 SOUTH 300 WEST MURRAY, UTAH 84107(801) 261-2919 x227WWW.UTAHHUMANE.ORG",AUSTRIA,10154319532907816,,,,,,,
https://www.utahhumane.org/node/17907,https://petharbor.com/get_image.asp?RES=Detail&ID=A107999&LOCATION=UTAH,A107999,Male,Labrador Retriever,Chocolate,1 YEAR 3 MONTHS,DA2,AVAILABLE,"Ready for a rock‰Ûªem sock‰Ûªem stunner that will steal your heart? Not only am I charming, but I‰Ûªm also an all-around genuine gent! I‰Ûªd do best with adopters who have knowledge of my breed K9 pals my same size who LOVE to play like me!",BROWNIE,10154319532907816,,,,,,,
https://www.utahhumane.org/node/19366,https://petharbor.com/get_image.asp?RES=Detail&ID=A109902&LOCATION=UTAH,A109902,Male,Domestic Longhair,GRAY TABBY,13 YEARS,CC14,AVAILABLE,"""Couch Cat"" is the name & relaxing is my game! When I'm not soaking up the sun or enjoying a snack, you'll find me cuddled up on the couch. I'll be happiest just relaxing with you & getting some love in between nap sessions!",SOCKS,10154319532907816,,,,,,,
https://www.utahhumane.org/node/19476,https://petharbor.com/get_image.asp?RES=Detail&ID=A110042&LOCATION=UTAH,A110042,Male,Domestic Shorthair,ORG TABBY,2 YEARS,CA17,AVAILABLE,"From the shadows of the night a ""Mystery Meow"" will emerge to steal your heart! Most of us came here with no history, but some of us are just timid & our personalities have yet to shine. Give me a chance & I'll show you just how amazing I can be!",APHEX,10154319532907816,,,,,,,
https://www.utahhumane.org/node/19487,https://petharbor.com/get_image.asp?RES=Detail&ID=A110100&LOCATION=UTAH,A110100,Female,Domestic Mediumhair,CALICO,3 YEARS,CA10,AVAILABLE,"Never fear! ""Frisky Feline"" is here! Leaping from the highest heights, pouncing from rooftops & saving my humans from the evil red dot! Being a hero is hard work, but someone has to do it! I need plenty of play time to be the best friend I can be!",LEE LOO,10154319532907816,,,,,,,
https://www.utahhumane.org/node/19590,https://petharbor.com/get_image.asp?RES=Detail&ID=A110135&LOCATION=UTAH,A110135,Female,Domestic Shorthair,White,1 YEAR 7 MONTHS,CA04,AVAILABLE,"""Couch Cat"" is the name & relaxing is my game! When I'm not soaking up the sun or enjoying a snack, you'll find me cuddled up on the couch. I'll be happiest just relaxing with you & getting some love in between nap sessions!",SILLY,10154319532907816,,,,,,,
https://www.utahhumane.org/node/18440,https://petharbor.com/get_image.asp?RES=Detail&ID=A107165&LOCATION=UTAH,A107165,Female,Shorthaired Rabbit,White,1 YEAR 10 MONTHS,BB8,AVAILABLE,"I‰Ûªve got a personality that is sure to melt your heart, sweet, petite, & handsome I‰Ûªd make a great addition to any family! I‰Ûªd love noting more than a human of my very own that will spoil me silly! Come meet me today!",SEARIA,10154319532907816,,,,,,,
https://www.utahhumane.org/node/19470,https://petharbor.com/get_image.asp?RES=Detail&ID=A073392&LOCATION=UTAH,A073392,Male,Pomeranian,SABLE,6 YEARS,DM30,AVAILABLE,"I'm sure you could tell by my regal looks but I'm kind of a big deal, I'm a pint sized prince that's sure to catch your attention. I'm on the search for adopters that have experience with my breed, can ensure my royal coat is groomed regularly & can admire my handsomeness everyday! I can be sensitive about being handled & cannot live with kids under 13, ask staff for more details!",TEDDY BEAR,10154319532907816,,,,,,,
https://www.utahhumane.org/node/18681,https://petharbor.com/get_image.asp?RES=Detail&ID=A109118&LOCATION=UTAH,A109118,Male,Pit Bull Terrier,Blue,10 MONTHS,DA5,AVAILABLE,"Looking for a fire ball of energy to take on all your adventures? Always at the ready, I‰Ûªd love to go to an active home that will keep me involved & happy! Come & meet me today!I am housetrained for the most part. I will try to tell you when I need to go, but I may have a few accidents until we get our routine down. I'm good with dogs, not sure about cats. I might be better with older children, as I like to jump on people when excited and I still mouth/play bite. Ie loves sleeping on the couch and cuddling with my head on your lap. I also loves sticks, the bigger the better. I knows the command sit and seem to know fetch, though whether I let you take the toy to throw it again is another matter...For more information or to meet me, contact the Foster Dept at 801-261-2919 x215. My adoption fee is $88 which includes this year's vaccinations (excluding rabies), deworming, neuter, microchip, a certificate for a free exam with a participating local veterinarian, and a slip leash to take me home.",KODO,10154319532907816,,,,,,,
https://www.utahhumane.org/node/19368,https://petharbor.com/get_image.asp?RES=Detail&ID=A110005&LOCATION=UTAH,A110005,Female,Domestic Shorthair,BRN TABBY,11 YEARS,CC35,AVAILABLE,"From the shadows of the night a ""Mystery Meow"" will emerge to steal your heart! Most of us came here with no history, but some of us are just timid & our personalities have yet to shine. Give me a chance & I'll show you just how amazing I can be!",GEORGIA,10154319532907816,,,,,,,
https://www.utahhumane.org/node/18625,https://petharbor.com/get_image.asp?RES=Detail&ID=A109368&LOCATION=UTAH,A109368,Female,Shorthaired Rabbit,Orange,1 YEAR 2 MONTHS,PM WVALLEY,AVAILABLE,"Best friends come in all shapes & size, my sister & I luckily are even cuter together than we are a part! We're on the search for a home that will keep us together & happy! Please ask staff for more details about housing two rabbits together!",Z,10154319532907816,,,,,,,
https://www.utahhumane.org/node/18482,https://petharbor.com/get_image.asp?RES=Detail&ID=A101612&LOCATION=UTAH,A101612,Female,Domestic Shorthair,BRN TABBY,4 YEARS,CA18,AVAILABLE,"The saying goes ""those who have a cat have no need for sculpture."" I'm a confident cat who wants to be the ruler of your kingdom. I love to be loved, but on my terms. As a ""Holier Than Meow"", my favorite past time is simply being visually admired.",BOO,10154319532907816,,,,,,,
https://www.utahhumane.org/node/17924,https://petharbor.com/get_image.asp?RES=Detail&ID=A108297&LOCATION=UTAH,A108297,Male,Chihuahua - Smooth Coated,Cream,3 YEARS,FOSTER,AVAILABLE,"I needed some extra TLC when I arrived, so I went to foster care. The foster department knows the most about me & would love to tell you everything. Please call or come in today to learn more about me!",BG,10154319532907816,,,,,,,
https://www.utahhumane.org/node/18005,https://petharbor.com/get_image.asp?RES=Detail&ID=A109028&LOCATION=UTAH,A109028,Female,Domestic Shorthair,BRN TABBY,6 YEARS,CA19,AVAILABLE,"From the shadows of the night a ""Mystery Meow"" will emerge to steal your heart! Most of us came here with no history, but some of us are just timid & our personalities have yet to shine. Give me a chance & I'll show you just how amazing I can be!",TOOTSIE,10154319532907816,,,,,,,